Transaction ID,Date,Customer ID,Gender,Age,Product Category,Quantity,Price per Unit,Total Amount,Total Profit
1,"Friday, November 24, 2023",CUST001,Male,34,Beauty,3,50,150,456000
2,"Monday, February 27, 2023",CUST002,Female,26,Clothing,2,500,1000,
3,"Friday, January 13, 2023",CUST003,Male,50,Electronics,1,30,30,
4,"Sunday, May 21, 2023",CUST004,Male,37,Clothing,1,500,500,
5,"Saturday, May 6, 2023",CUST005,Male,30,Beauty,2,50,100,
6,"Tuesday, April 25, 2023",CUST006,Female,45,Beauty,1,30,30,
7,"Monday, March 13, 2023",CUST007,Male,46,Clothing,2,25,50,
8,"Wednesday, February 22, 2023",CUST008,Male,30,Electronics,4,25,100,
9,"Wednesday, December 13, 2023",CUST009,Male,63,Electronics,2,300,600,
10,"Saturday, October 7, 2023",CUST010,Female,52,Clothing,4,50,200,
11,"Tuesday, February 14, 2023",CUST011,Male,23,Clothing,2,50,100,
12,"Monday, October 30, 2023",CUST012,Male,35,Beauty,3,25,75,
13,"Saturday, August 5, 2023",CUST013,Male,22,Electronics,3,500,1500,
14,"Tuesday, January 17, 2023",CUST014,Male,64,Clothing,4,30,120,
15,"Monday, January 16, 2023",CUST015,Female,42,Electronics,4,500,2000,
16,"Friday, February 17, 2023",CUST016,Male,19,Clothing,3,500,1500,
17,"Saturday, April 22, 2023",CUST017,Female,27,Clothing,4,25,100,
18,"Sunday, April 30, 2023",CUST018,Female,47,Electronics,2,25,50,
19,"Saturday, September 16, 2023",CUST019,Female,62,Clothing,2,25,50,
20,"Sunday, November 5, 2023",CUST020,Male,22,Clothing,3,300,900,
21,"Saturday, January 14, 2023",CUST021,Female,50,Beauty,1,500,500,
22,"Sunday, October 15, 2023",CUST022,Male,18,Clothing,2,50,100,
23,"Wednesday, April 12, 2023",CUST023,Female,35,Clothing,4,30,120,
24,"Wednesday, November 29, 2023",CUST024,Female,49,Clothing,1,300,300,
25,"Tuesday, December 26, 2023",CUST025,Female,64,Beauty,1,50,50,
26,"Saturday, October 7, 2023",CUST026,Female,28,Electronics,2,500,1000,
27,"Thursday, August 3, 2023",CUST027,Female,38,Beauty,2,25,50,
28,"Sunday, April 23, 2023",CUST028,Female,43,Beauty,1,500,500,
29,"Friday, August 18, 2023",CUST029,Female,42,Electronics,1,30,30,
30,"Sunday, October 29, 2023",CUST030,Female,39,Beauty,3,300,900,
31,"Tuesday, May 23, 2023",CUST031,Male,44,Electronics,4,300,1200,
32,"Wednesday, January 4, 2023",CUST032,Male,30,Beauty,3,30,90,
33,"Thursday, March 23, 2023",CUST033,Female,50,Electronics,2,50,100,
34,"Sunday, December 24, 2023",CUST034,Female,51,Clothing,3,50,150,
35,"Saturday, August 5, 2023",CUST035,Female,58,Beauty,3,300,900,
36,"Saturday, June 24, 2023",CUST036,Male,52,Beauty,3,300,900,
37,"Tuesday, May 23, 2023",CUST037,Female,18,Beauty,3,25,75,
38,"Tuesday, March 21, 2023",CUST038,Male,38,Beauty,4,50,200,
39,"Friday, April 21, 2023",CUST039,Male,23,Clothing,4,30,120,
40,"Thursday, June 22, 2023",CUST040,Male,45,Beauty,1,50,50,
41,"Wednesday, February 22, 2023",CUST041,Male,34,Clothing,2,25,50,
42,"Friday, February 17, 2023",CUST042,Male,22,Clothing,3,300,900,
43,"Friday, July 14, 2023",CUST043,Female,48,Clothing,1,300,300,
44,"Sunday, February 19, 2023",CUST044,Female,22,Clothing,1,25,25,
45,"Monday, July 3, 2023",CUST045,Female,55,Electronics,1,30,30,
46,"Monday, June 26, 2023",CUST046,Female,20,Electronics,4,300,1200,
47,"Monday, November 6, 2023",CUST047,Female,40,Beauty,3,500,1500,
48,"Tuesday, May 16, 2023",CUST048,Male,54,Electronics,3,300,900,
49,"Monday, January 23, 2023",CUST049,Female,54,Electronics,2,500,1000,
50,"Thursday, August 24, 2023",CUST050,Female,27,Beauty,3,25,75,
51,"Monday, October 2, 2023",CUST051,Male,27,Beauty,3,25,75,
52,"Sunday, March 5, 2023",CUST052,Female,36,Beauty,1,300,300,
53,"Thursday, July 13, 2023",CUST053,Male,34,Electronics,2,50,100,
54,"Friday, February 10, 2023",CUST054,Female,38,Electronics,3,500,1500,
55,"Tuesday, October 10, 2023",CUST055,Male,31,Beauty,4,30,120,
56,"Wednesday, May 31, 2023",CUST056,Female,26,Clothing,3,300,900,
57,"Saturday, November 18, 2023",CUST057,Female,63,Beauty,1,30,30,
58,"Monday, November 13, 2023",CUST058,Male,18,Clothing,4,300,1200,
59,"Wednesday, July 5, 2023",CUST059,Male,62,Clothing,1,50,50,
60,"Monday, October 23, 2023",CUST060,Male,30,Beauty,3,50,150,
61,"Sunday, April 9, 2023",CUST061,Male,21,Beauty,4,50,200,
62,"Wednesday, December 27, 2023",CUST062,Male,18,Beauty,2,50,100,
63,"Sunday, February 5, 2023",CUST063,Male,57,Electronics,2,25,50,
64,"Tuesday, January 24, 2023",CUST064,Male,49,Clothing,4,25,100,
65,"Tuesday, December 5, 2023",CUST065,Male,51,Electronics,4,500,2000,
66,"Thursday, April 27, 2023",CUST066,Female,45,Electronics,1,30,30,
67,"Monday, May 29, 2023",CUST067,Female,48,Beauty,4,300,1200,
68,"Friday, February 10, 2023",CUST068,Male,25,Electronics,1,300,300,
69,"Sunday, April 30, 2023",CUST069,Female,56,Beauty,3,25,75,
70,"Tuesday, February 21, 2023",CUST070,Female,43,Clothing,1,300,300,
71,"Friday, July 14, 2023",CUST071,Female,51,Beauty,4,25,100,
72,"Tuesday, May 23, 2023",CUST072,Female,20,Electronics,4,500,2000,
73,"Monday, August 21, 2023",CUST073,Male,29,Electronics,3,30,90,
74,"Wednesday, November 22, 2023",CUST074,Female,18,Beauty,4,500,2000,
75,"Thursday, July 6, 2023",CUST075,Male,61,Beauty,4,50,200,
76,"Saturday, March 25, 2023",CUST076,Female,22,Electronics,2,50,100,
77,"Sunday, July 9, 2023",CUST077,Female,47,Clothing,2,50,100,
78,"Saturday, July 1, 2023",CUST078,Female,47,Clothing,3,500,1500,
79,"Tuesday, April 18, 2023",CUST079,Male,34,Beauty,1,300,300,
80,"Sunday, December 10, 2023",CUST080,Female,64,Clothing,2,30,60,
81,"Wednesday, May 17, 2023",CUST081,Male,40,Electronics,1,50,50,
82,"Tuesday, December 26, 2023",CUST082,Female,32,Beauty,4,50,200,
83,"Saturday, December 16, 2023",CUST083,Male,54,Electronics,2,50,100,
84,"Tuesday, November 28, 2023",CUST084,Female,38,Electronics,3,30,90,
85,"Monday, February 6, 2023",CUST085,Male,31,Clothing,3,50,150,
86,"Wednesday, November 8, 2023",CUST086,Male,19,Beauty,3,30,90,
87,"Wednesday, November 22, 2023",CUST087,Female,28,Beauty,2,50,100,
88,"Wednesday, March 29, 2023",CUST088,Male,56,Clothing,1,500,500,
89,"Sunday, October 1, 2023",CUST089,Female,55,Electronics,4,500,2000,
90,"Saturday, May 6, 2023",CUST090,Female,51,Electronics,1,30,30,
91,"Saturday, March 25, 2023",CUST091,Female,55,Electronics,1,500,500,
92,"Friday, August 25, 2023",CUST092,Female,51,Electronics,4,30,120,
93,"Friday, July 14, 2023",CUST093,Female,35,Beauty,4,500,2000,
94,"Friday, May 19, 2023",CUST094,Female,47,Beauty,2,500,1000,
95,"Friday, November 24, 2023",CUST095,Female,32,Clothing,2,30,60,
96,"Tuesday, December 19, 2023",CUST096,Female,44,Clothing,2,300,600,
97,"Friday, October 13, 2023",CUST097,Female,51,Beauty,2,500,1000,
98,"Sunday, April 23, 2023",CUST098,Female,55,Beauty,2,50,100,
99,"Sunday, December 17, 2023",CUST099,Female,50,Electronics,4,300,1200,
100,"Friday, June 16, 2023",CUST100,Male,41,Electronics,1,30,30,
101,"Sunday, January 29, 2023",CUST101,Male,32,Clothing,2,300,600,
102,"Friday, April 28, 2023",CUST102,Female,47,Beauty,2,25,50,
103,"Tuesday, January 17, 2023",CUST103,Female,59,Clothing,1,25,25,
104,"Sunday, June 11, 2023",CUST104,Female,34,Beauty,2,500,1000,
105,"Tuesday, July 25, 2023",CUST105,Female,22,Electronics,1,500,500,
106,"Thursday, May 18, 2023",CUST106,Female,46,Clothing,1,50,50,
107,"Friday, February 3, 2023",CUST107,Female,21,Clothing,4,300,1200,
108,"Wednesday, April 19, 2023",CUST108,Female,27,Beauty,3,25,75,
109,"Wednesday, October 18, 2023",CUST109,Female,34,Electronics,4,500,2000,
110,"Sunday, June 11, 2023",CUST110,Male,27,Clothing,3,300,900,
111,"Wednesday, April 19, 2023",CUST111,Female,34,Electronics,3,500,1500,
112,"Saturday, December 2, 2023",CUST112,Male,37,Clothing,3,500,1500,
113,"Wednesday, September 13, 2023",CUST113,Female,41,Electronics,2,25,50,
114,"Saturday, July 22, 2023",CUST114,Female,22,Beauty,4,25,100,
115,"Sunday, November 26, 2023",CUST115,Male,51,Clothing,3,500,1500,
116,"Wednesday, August 23, 2023",CUST116,Female,23,Clothing,1,30,30,
117,"Wednesday, March 15, 2023",CUST117,Male,19,Electronics,2,500,1000,
118,"Tuesday, May 16, 2023",CUST118,Female,30,Electronics,4,500,2000,
119,"Monday, March 13, 2023",CUST119,Female,60,Clothing,3,50,150,
120,"Sunday, May 7, 2023",CUST120,Male,60,Beauty,1,50,50,
121,"Sunday, October 15, 2023",CUST121,Female,28,Electronics,4,50,200,
122,"Tuesday, October 3, 2023",CUST122,Male,64,Electronics,4,30,120,
123,"Monday, May 15, 2023",CUST123,Female,40,Electronics,2,30,60,
124,"Friday, October 27, 2023",CUST124,Male,33,Clothing,4,500,2000,
125,"Tuesday, August 8, 2023",CUST125,Male,48,Clothing,2,50,100,
126,"Thursday, October 26, 2023",CUST126,Female,28,Clothing,3,30,90,
127,"Monday, July 24, 2023",CUST127,Female,33,Clothing,2,25,50,
128,"Wednesday, July 5, 2023",CUST128,Male,25,Beauty,1,500,500,
129,"Sunday, April 23, 2023",CUST129,Female,21,Beauty,2,300,600,
130,"Sunday, March 12, 2023",CUST130,Female,57,Clothing,1,500,500,
131,"Monday, September 18, 2023",CUST131,Female,21,Beauty,2,300,600,
132,"Sunday, September 10, 2023",CUST132,Male,42,Electronics,4,50,200,
133,"Thursday, February 16, 2023",CUST133,Male,20,Electronics,3,300,900,
134,"Wednesday, January 25, 2023",CUST134,Male,49,Electronics,1,50,50,
135,"Sunday, February 26, 2023",CUST135,Male,20,Clothing,2,25,50,
136,"Monday, March 20, 2023",CUST136,Male,44,Electronics,2,300,600,
137,"Saturday, November 18, 2023",CUST137,Male,46,Beauty,2,500,1000,
138,"Thursday, March 23, 2023",CUST138,Male,49,Clothing,4,50,200,
139,"Friday, December 15, 2023",CUST139,Male,36,Beauty,4,500,2000,
140,"Saturday, August 5, 2023",CUST140,Male,38,Electronics,1,30,30,
141,"Thursday, November 2, 2023",CUST141,Female,22,Electronics,1,50,50,
142,"Thursday, February 2, 2023",CUST142,Male,35,Electronics,4,300,1200,
143,"Monday, July 17, 2023",CUST143,Female,45,Clothing,1,50,50,
144,"Saturday, July 15, 2023",CUST144,Female,59,Beauty,3,500,1500,
145,"Thursday, November 2, 2023",CUST145,Female,39,Clothing,3,25,75,
146,"Monday, August 28, 2023",CUST146,Male,38,Clothing,4,50,200,
147,"Thursday, September 28, 2023",CUST147,Male,23,Electronics,1,300,300,
148,"Tuesday, May 9, 2023",CUST148,Male,18,Clothing,2,30,60,
149,"Wednesday, October 11, 2023",CUST149,Male,22,Clothing,3,25,75,
150,"Friday, January 6, 2023",CUST150,Female,58,Electronics,4,30,120,
151,"Friday, December 15, 2023",CUST151,Male,29,Clothing,1,50,50,
152,"Tuesday, February 28, 2023",CUST152,Male,43,Electronics,4,500,2000,
153,"Saturday, December 16, 2023",CUST153,Male,63,Electronics,2,500,1000,
154,"Monday, October 2, 2023",CUST154,Male,51,Electronics,3,300,900,
155,"Wednesday, May 17, 2023",CUST155,Male,31,Electronics,4,500,2000,
156,"Saturday, November 25, 2023",CUST156,Female,43,Clothing,4,25,100,
157,"Saturday, June 24, 2023",CUST157,Male,62,Electronics,4,500,2000,
158,"Monday, February 27, 2023",CUST158,Female,44,Electronics,2,300,600,
159,"Wednesday, May 31, 2023",CUST159,Male,26,Clothing,4,50,200,
160,"Friday, August 11, 2023",CUST160,Female,43,Clothing,2,50,100,
161,"Wednesday, March 22, 2023",CUST161,Male,64,Beauty,2,500,1000,
162,"Monday, August 21, 2023",CUST162,Male,39,Clothing,2,30,60,
163,"Monday, January 2, 2023",CUST163,Female,64,Clothing,3,50,150,
164,"Monday, May 15, 2023",CUST164,Female,47,Beauty,3,500,1500,
165,"Thursday, September 14, 2023",CUST165,Female,60,Clothing,4,300,1200,
166,"Sunday, April 2, 2023",CUST166,Male,34,Clothing,4,500,2000,
167,"Sunday, September 17, 2023",CUST167,Female,43,Clothing,3,50,150,
168,"Friday, February 24, 2023",CUST168,Male,53,Clothing,1,300,300,
169,"Friday, November 17, 2023",CUST169,Male,18,Beauty,3,500,1500,
170,"Friday, June 2, 2023",CUST170,Female,25,Clothing,2,25,50,
171,"Friday, November 24, 2023",CUST171,Female,52,Clothing,3,300,900,
172,"Sunday, September 17, 2023",CUST172,Male,32,Beauty,2,25,50,
173,"Wednesday, November 8, 2023",CUST173,Male,64,Electronics,4,30,120,
174,"Wednesday, April 12, 2023",CUST174,Female,39,Beauty,1,300,300,
175,"Monday, March 20, 2023",CUST175,Female,31,Electronics,4,25,100,
176,"Tuesday, July 11, 2023",CUST176,Female,43,Beauty,2,50,100,
177,"Friday, March 24, 2023",CUST177,Male,45,Beauty,2,50,100,
178,"Wednesday, October 4, 2023",CUST178,Male,40,Clothing,2,30,60,
179,"Friday, September 29, 2023",CUST179,Male,31,Electronics,1,300,300,
180,"Sunday, January 1, 2023",CUST180,Male,41,Clothing,3,300,900,
181,"Friday, November 3, 2023",CUST181,Male,19,Electronics,4,300,1200,
182,"Thursday, June 15, 2023",CUST182,Male,62,Beauty,4,30,120,
183,"Friday, September 8, 2023",CUST183,Female,43,Beauty,3,300,900,
184,"Tuesday, January 10, 2023",CUST184,Male,31,Electronics,4,50,200,
185,"Monday, February 27, 2023",CUST185,Male,24,Clothing,1,25,25,
186,"Wednesday, July 5, 2023",CUST186,Male,20,Clothing,4,50,200,
187,"Wednesday, June 7, 2023",CUST187,Female,64,Clothing,2,50,100,
188,"Wednesday, May 3, 2023",CUST188,Male,40,Clothing,3,25,75,
189,"Monday, January 30, 2023",CUST189,Male,63,Beauty,1,50,50,
190,"Thursday, May 4, 2023",CUST190,Female,60,Beauty,3,30,90,
191,"Wednesday, October 18, 2023",CUST191,Male,64,Beauty,1,25,25,
192,"Friday, February 10, 2023",CUST192,Male,62,Beauty,2,50,100,
193,"Monday, February 13, 2023",CUST193,Male,35,Beauty,3,500,1500,
194,"Wednesday, September 6, 2023",CUST194,Male,55,Clothing,4,50,200,
195,"Sunday, February 5, 2023",CUST195,Male,52,Clothing,1,30,30,
196,"Saturday, September 30, 2023",CUST196,Female,32,Clothing,3,300,900,
197,"Monday, March 6, 2023",CUST197,Female,42,Clothing,4,50,200,
198,"Tuesday, March 7, 2023",CUST198,Female,54,Beauty,3,300,900,
199,"Monday, December 4, 2023",CUST199,Male,45,Beauty,3,500,1500,
200,"Friday, September 1, 2023",CUST200,Male,27,Beauty,3,50,150,
201,"Monday, October 9, 2023",CUST201,Male,56,Electronics,1,25,25,
202,"Sunday, March 26, 2023",CUST202,Female,34,Clothing,4,300,1200,
203,"Tuesday, May 16, 2023",CUST203,Male,56,Clothing,2,500,1000,
204,"Thursday, September 28, 2023",CUST204,Male,39,Beauty,1,25,25,
205,"Tuesday, November 7, 2023",CUST205,Female,43,Clothing,1,25,25,
206,"Saturday, August 5, 2023",CUST206,Male,61,Clothing,1,25,25,
207,"Wednesday, April 19, 2023",CUST207,Female,42,Beauty,2,25,50,
208,"Wednesday, October 4, 2023",CUST208,Female,34,Electronics,4,50,200,
209,"Wednesday, December 20, 2023",CUST209,Female,30,Electronics,4,50,200,
210,"Thursday, April 13, 2023",CUST210,Male,37,Electronics,4,50,200,
211,"Monday, January 1, 2024",CUST211,Male,42,Beauty,3,500,1500,
212,"Friday, June 9, 2023",CUST212,Male,21,Clothing,3,500,1500,
213,"Monday, July 24, 2023",CUST213,Male,27,Beauty,3,500,1500,
214,"Sunday, December 10, 2023",CUST214,Male,20,Beauty,2,30,60,
215,"Wednesday, November 29, 2023",CUST215,Male,58,Clothing,3,500,1500,
216,"Tuesday, July 11, 2023",CUST216,Male,62,Electronics,2,50,100,
217,"Sunday, August 13, 2023",CUST217,Female,35,Electronics,4,50,200,
218,"Friday, September 22, 2023",CUST218,Male,64,Beauty,3,30,90,
219,"Sunday, August 20, 2023",CUST219,Female,53,Electronics,3,30,90,
220,"Friday, March 3, 2023",CUST220,Male,64,Beauty,1,500,500,
221,"Sunday, May 7, 2023",CUST221,Male,39,Beauty,2,300,600,
222,"Wednesday, April 26, 2023",CUST222,Male,51,Clothing,4,30,120,
223,"Thursday, February 2, 2023",CUST223,Female,64,Clothing,1,25,25,
224,"Friday, June 23, 2023",CUST224,Female,25,Clothing,1,50,50,
225,"Wednesday, January 11, 2023",CUST225,Female,57,Beauty,4,25,100,
226,"Sunday, October 29, 2023",CUST226,Female,61,Clothing,1,50,50,
227,"Wednesday, October 11, 2023",CUST227,Male,36,Electronics,2,50,100,
228,"Friday, April 28, 2023",CUST228,Female,59,Electronics,2,30,60,
229,"Sunday, October 29, 2023",CUST229,Male,58,Beauty,3,30,90,
230,"Sunday, April 23, 2023",CUST230,Male,54,Beauty,1,25,25,
231,"Wednesday, January 4, 2023",CUST231,Female,23,Clothing,3,50,150,
232,"Monday, February 6, 2023",CUST232,Female,43,Beauty,1,25,25,
233,"Friday, December 29, 2023",CUST233,Female,51,Beauty,2,300,600,
234,"Monday, November 20, 2023",CUST234,Female,62,Electronics,2,25,50,
235,"Tuesday, January 31, 2023",CUST235,Female,23,Electronics,2,500,1000,
236,"Friday, April 28, 2023",CUST236,Female,54,Clothing,1,25,25,
237,"Saturday, February 4, 2023",CUST237,Female,50,Beauty,2,500,1000,
238,"Tuesday, January 17, 2023",CUST238,Female,39,Beauty,1,500,500,
239,"Monday, June 19, 2023",CUST239,Male,38,Electronics,3,500,1500,
240,"Monday, February 6, 2023",CUST240,Female,23,Beauty,1,300,300,
241,"Thursday, September 21, 2023",CUST241,Female,23,Electronics,3,25,75,
242,"Tuesday, May 2, 2023",CUST242,Male,21,Clothing,1,25,25,
243,"Tuesday, May 23, 2023",CUST243,Female,47,Electronics,3,300,900,
244,"Saturday, December 9, 2023",CUST244,Male,28,Beauty,2,50,100,
245,"Wednesday, September 6, 2023",CUST245,Male,47,Clothing,3,30,90,
246,"Thursday, April 20, 2023",CUST246,Female,48,Electronics,2,25,50,
247,"Wednesday, October 4, 2023",CUST247,Male,41,Electronics,2,30,60,
248,"Thursday, March 9, 2023",CUST248,Male,26,Clothing,3,300,900,
249,"Friday, October 20, 2023",CUST249,Male,20,Clothing,1,50,50,
250,"Monday, October 23, 2023",CUST250,Male,48,Electronics,1,50,50,
251,"Thursday, August 31, 2023",CUST251,Female,57,Beauty,4,50,200,
252,"Friday, May 5, 2023",CUST252,Male,54,Electronics,1,300,300,
253,"Thursday, August 31, 2023",CUST253,Female,53,Clothing,4,500,2000,
254,"Friday, July 28, 2023",CUST254,Male,41,Electronics,1,500,500,
255,"Saturday, April 8, 2023",CUST255,Male,48,Clothing,1,30,30,
256,"Saturday, February 18, 2023",CUST256,Male,23,Clothing,2,500,1000,
257,"Sunday, February 19, 2023",CUST257,Male,19,Beauty,4,500,2000,
258,"Monday, December 4, 2023",CUST258,Female,37,Clothing,1,50,50,
259,"Wednesday, August 9, 2023",CUST259,Female,45,Clothing,4,50,200,
260,"Saturday, July 1, 2023",CUST260,Male,28,Beauty,2,30,60,
261,"Saturday, August 5, 2023",CUST261,Male,21,Clothing,2,25,50,
262,"Sunday, July 30, 2023",CUST262,Female,32,Beauty,4,30,120,
263,"Monday, August 28, 2023",CUST263,Male,23,Beauty,2,30,60,
264,"Saturday, January 28, 2023",CUST264,Male,47,Clothing,3,300,900,
265,"Monday, December 11, 2023",CUST265,Male,55,Clothing,3,300,900,
266,"Friday, December 1, 2023",CUST266,Female,19,Electronics,2,30,60,
267,"Monday, November 27, 2023",CUST267,Female,32,Beauty,3,30,90,
268,"Monday, February 20, 2023",CUST268,Female,28,Electronics,1,30,30,
269,"Wednesday, February 1, 2023",CUST269,Male,25,Clothing,4,500,2000,
270,"Wednesday, July 26, 2023",CUST270,Male,43,Electronics,1,300,300,
271,"Friday, June 23, 2023",CUST271,Female,62,Beauty,4,30,120,
272,"Saturday, February 25, 2023",CUST272,Female,61,Electronics,2,50,100,
273,"Monday, May 8, 2023",CUST273,Female,22,Beauty,1,50,50,
274,"Sunday, April 9, 2023",CUST274,Female,23,Clothing,2,500,1000,
275,"Saturday, April 8, 2023",CUST275,Male,43,Clothing,2,500,1000,
276,"Monday, October 2, 2023",CUST276,Female,21,Beauty,4,25,100,
277,"Friday, August 18, 2023",CUST277,Male,36,Clothing,4,25,100,
278,"Monday, March 13, 2023",CUST278,Female,37,Clothing,4,25,100,
279,"Saturday, August 5, 2023",CUST279,Male,50,Clothing,1,500,500,
280,"Tuesday, April 4, 2023",CUST280,Female,37,Clothing,3,500,1500,
281,"Tuesday, May 23, 2023",CUST281,Female,29,Beauty,4,500,2000,
282,"Friday, August 25, 2023",CUST282,Female,64,Electronics,4,50,200,
283,"Monday, May 8, 2023",CUST283,Female,18,Electronics,1,500,500,
284,"Wednesday, February 8, 2023",CUST284,Male,43,Clothing,4,50,200,
285,"Tuesday, August 15, 2023",CUST285,Female,31,Electronics,1,25,25,
286,"Monday, October 9, 2023",CUST286,Male,55,Electronics,2,25,50,
287,"Monday, February 20, 2023",CUST287,Male,54,Clothing,4,25,100,
288,"Thursday, January 26, 2023",CUST288,Male,28,Clothing,4,30,120,
289,"Thursday, November 30, 2023",CUST289,Male,53,Electronics,2,30,60,
290,"Wednesday, October 4, 2023",CUST290,Female,30,Beauty,2,300,600,
291,"Sunday, January 8, 2023",CUST291,Male,60,Clothing,2,300,600,
292,"Friday, February 17, 2023",CUST292,Male,20,Beauty,4,300,1200,
293,"Tuesday, May 2, 2023",CUST293,Male,50,Electronics,3,30,90,
294,"Monday, March 27, 2023",CUST294,Female,23,Clothing,3,30,90,
295,"Friday, July 28, 2023",CUST295,Female,27,Beauty,3,300,900,
296,"Wednesday, September 6, 2023",CUST296,Female,22,Clothing,4,300,1200,
297,"Monday, September 4, 2023",CUST297,Female,40,Electronics,2,500,1000,
298,"Thursday, April 20, 2023",CUST298,Male,27,Beauty,4,300,1200,
299,"Tuesday, July 25, 2023",CUST299,Male,61,Electronics,2,500,1000,
300,"Tuesday, January 31, 2023",CUST300,Female,19,Electronics,4,50,200,
301,"Sunday, March 26, 2023",CUST301,Male,30,Clothing,4,30,120,
302,"Friday, July 14, 2023",CUST302,Male,57,Beauty,2,300,600,
303,"Monday, January 2, 2023",CUST303,Male,19,Electronics,3,30,90,
304,"Wednesday, July 19, 2023",CUST304,Female,37,Electronics,2,30,60,
305,"Tuesday, May 16, 2023",CUST305,Female,18,Beauty,1,30,30,
306,"Monday, August 21, 2023",CUST306,Male,54,Electronics,1,50,50,
307,"Saturday, May 27, 2023",CUST307,Female,26,Electronics,2,25,50,
308,"Saturday, August 5, 2023",CUST308,Female,34,Beauty,4,300,1200,
309,"Saturday, December 23, 2023",CUST309,Female,26,Beauty,1,25,25,
310,"Thursday, October 12, 2023",CUST310,Female,28,Beauty,1,25,25,
311,"Tuesday, December 5, 2023",CUST311,Female,32,Beauty,4,25,100,
312,"Thursday, September 7, 2023",CUST312,Male,41,Clothing,4,30,120,
313,"Tuesday, March 21, 2023",CUST313,Female,55,Beauty,3,500,1500,
314,"Saturday, April 8, 2023",CUST314,Male,52,Clothing,4,30,120,
315,"Thursday, June 1, 2023",CUST315,Male,47,Clothing,2,30,60,
316,"Saturday, April 22, 2023",CUST316,Female,48,Clothing,2,25,50,
317,"Monday, January 30, 2023",CUST317,Male,22,Electronics,3,30,90,
318,"Tuesday, October 24, 2023",CUST318,Male,61,Clothing,1,25,25,
319,"Thursday, October 5, 2023",CUST319,Male,31,Clothing,1,500,500,
320,"Wednesday, February 1, 2023",CUST320,Female,28,Electronics,4,300,1200,
321,"Saturday, June 10, 2023",CUST321,Female,26,Electronics,2,25,50,
322,"Monday, January 30, 2023",CUST322,Male,51,Electronics,1,500,500,
323,"Thursday, January 26, 2023",CUST323,Female,29,Beauty,3,300,900,
324,"Friday, October 27, 2023",CUST324,Female,52,Electronics,3,50,150,
325,"Saturday, September 2, 2023",CUST325,Female,52,Electronics,2,25,50,
326,"Friday, September 15, 2023",CUST326,Female,18,Clothing,3,25,75,
327,"Friday, September 29, 2023",CUST327,Male,57,Electronics,3,50,150,
328,"Wednesday, March 22, 2023",CUST328,Male,39,Beauty,2,50,100,
329,"Monday, January 30, 2023",CUST329,Female,46,Electronics,4,25,100,
330,"Monday, September 18, 2023",CUST330,Female,25,Beauty,4,50,200,
331,"Saturday, February 11, 2023",CUST331,Male,28,Electronics,3,30,90,
332,"Thursday, April 6, 2023",CUST332,Male,58,Electronics,4,300,1200,
333,"Sunday, February 5, 2023",CUST333,Female,54,Electronics,4,300,1200,
334,"Wednesday, November 1, 2023",CUST334,Male,31,Electronics,3,300,900,
335,"Saturday, February 4, 2023",CUST335,Female,47,Beauty,4,30,120,
336,"Tuesday, December 12, 2023",CUST336,Female,52,Beauty,3,50,150,
337,"Monday, May 1, 2023",CUST337,Male,38,Clothing,1,500,500,
338,"Wednesday, July 26, 2023",CUST338,Male,54,Beauty,2,50,100,
339,"Friday, March 3, 2023",CUST339,Female,22,Electronics,2,25,50,
340,"Thursday, October 19, 2023",CUST340,Female,36,Clothing,4,300,1200,
341,"Sunday, May 7, 2023",CUST341,Male,31,Clothing,4,50,200,
342,"Tuesday, October 24, 2023",CUST342,Female,43,Clothing,4,500,2000,
343,"Wednesday, November 1, 2023",CUST343,Male,21,Electronics,2,25,50,
344,"Saturday, January 21, 2023",CUST344,Female,42,Beauty,1,30,30,
345,"Tuesday, November 14, 2023",CUST345,Male,62,Electronics,1,30,30,
346,"Saturday, February 11, 2023",CUST346,Male,59,Clothing,2,500,1000,
347,"Thursday, August 3, 2023",CUST347,Male,42,Electronics,1,25,25,
348,"Sunday, December 3, 2023",CUST348,Female,35,Electronics,2,300,600,
349,"Thursday, October 26, 2023",CUST349,Female,57,Beauty,1,50,50,
350,"Tuesday, October 17, 2023",CUST350,Male,25,Beauty,3,25,75,
351,"Monday, September 25, 2023",CUST351,Female,56,Clothing,3,30,90,
352,"Sunday, June 11, 2023",CUST352,Male,57,Electronics,2,500,1000,
353,"Sunday, May 14, 2023",CUST353,Male,31,Electronics,1,500,500,
354,"Saturday, April 15, 2023",CUST354,Female,49,Beauty,4,50,200,
355,"Saturday, December 9, 2023",CUST355,Female,55,Electronics,1,500,500,
356,"Saturday, June 10, 2023",CUST356,Male,50,Electronics,3,500,1500,
357,"Wednesday, May 3, 2023",CUST357,Female,40,Electronics,3,25,75,
358,"Tuesday, May 16, 2023",CUST358,Female,32,Beauty,1,300,300,
359,"Saturday, July 22, 2023",CUST359,Male,50,Clothing,1,50,50,
360,"Thursday, March 9, 2023",CUST360,Male,42,Clothing,4,25,100,
361,"Sunday, December 10, 2023",CUST361,Female,34,Electronics,4,300,1200,
362,"Monday, November 27, 2023",CUST362,Male,50,Clothing,1,25,25,
363,"Saturday, June 3, 2023",CUST363,Male,64,Beauty,1,25,25,
364,"Wednesday, August 23, 2023",CUST364,Female,19,Beauty,1,500,500,
365,"Sunday, June 11, 2023",CUST365,Male,31,Clothing,1,300,300,
366,"Tuesday, February 7, 2023",CUST366,Male,57,Clothing,2,50,100,
367,"Thursday, January 5, 2023",CUST367,Female,57,Electronics,1,50,50,
368,"Wednesday, August 23, 2023",CUST368,Female,56,Clothing,4,300,1200,
369,"Wednesday, November 15, 2023",CUST369,Male,23,Electronics,3,500,1500,
370,"Monday, October 16, 2023",CUST370,Male,23,Electronics,2,30,60,
371,"Tuesday, February 21, 2023",CUST371,Female,20,Beauty,1,25,25,
372,"Tuesday, February 7, 2023",CUST372,Female,24,Beauty,3,500,1500,
373,"Tuesday, October 3, 2023",CUST373,Female,25,Beauty,2,300,600,
374,"Thursday, April 20, 2023",CUST374,Female,59,Beauty,3,25,75,
375,"Sunday, September 17, 2023",CUST375,Male,32,Clothing,1,50,50,
376,"Tuesday, May 16, 2023",CUST376,Female,64,Beauty,1,30,30,
377,"Thursday, March 9, 2023",CUST377,Female,46,Clothing,4,50,200,
378,"Wednesday, June 28, 2023",CUST378,Male,50,Beauty,1,300,300,
379,"Sunday, February 5, 2023",CUST379,Female,47,Clothing,1,25,25,
380,"Saturday, May 6, 2023",CUST380,Male,56,Electronics,2,300,600,
381,"Sunday, July 9, 2023",CUST381,Female,44,Clothing,4,25,100,
382,"Friday, May 26, 2023",CUST382,Female,53,Clothing,2,500,1000,
383,"Wednesday, March 22, 2023",CUST383,Female,46,Beauty,3,30,90,
384,"Sunday, August 13, 2023",CUST384,Male,55,Clothing,1,500,500,
385,"Friday, October 6, 2023",CUST385,Male,50,Electronics,3,500,1500,
386,"Wednesday, December 27, 2023",CUST386,Female,54,Electronics,2,300,600,
387,"Sunday, June 4, 2023",CUST387,Male,44,Beauty,1,30,30,
388,"Friday, November 10, 2023",CUST388,Male,50,Electronics,1,25,25,
389,"Friday, December 1, 2023",CUST389,Male,21,Clothing,2,25,50,
390,"Thursday, September 28, 2023",CUST390,Male,39,Electronics,2,50,100,
391,"Thursday, January 5, 2023",CUST391,Male,19,Beauty,2,25,50,
392,"Friday, December 8, 2023",CUST392,Male,27,Clothing,2,300,600,
393,"Wednesday, October 11, 2023",CUST393,Female,22,Beauty,2,500,1000,
394,"Saturday, June 3, 2023",CUST394,Female,27,Clothing,1,500,500,
395,"Wednesday, December 6, 2023",CUST395,Male,50,Electronics,2,500,1000,
396,"Thursday, February 23, 2023",CUST396,Female,55,Beauty,1,30,30,
397,"Friday, March 10, 2023",CUST397,Female,30,Beauty,1,25,25,
398,"Tuesday, May 16, 2023",CUST398,Female,48,Clothing,2,300,600,
399,"Wednesday, March 1, 2023",CUST399,Female,64,Beauty,2,30,60,
400,"Friday, February 24, 2023",CUST400,Male,53,Clothing,4,50,200,
401,"Wednesday, October 11, 2023",CUST401,Female,62,Clothing,1,300,300,
402,"Tuesday, March 21, 2023",CUST402,Female,41,Clothing,2,300,600,
403,"Saturday, May 20, 2023",CUST403,Male,32,Clothing,2,300,600,
404,"Thursday, May 25, 2023",CUST404,Male,46,Electronics,2,500,1000,
405,"Monday, November 6, 2023",CUST405,Female,25,Clothing,4,300,1200,
406,"Tuesday, April 18, 2023",CUST406,Female,22,Beauty,4,25,100,
407,"Sunday, June 25, 2023",CUST407,Female,46,Electronics,3,300,900,
408,"Saturday, April 15, 2023",CUST408,Female,64,Beauty,1,500,500,
409,"Monday, December 18, 2023",CUST409,Female,21,Electronics,3,300,900,
410,"Tuesday, November 21, 2023",CUST410,Female,29,Clothing,2,50,100,
411,"Tuesday, May 16, 2023",CUST411,Male,62,Electronics,4,50,200,
412,"Saturday, September 16, 2023",CUST412,Female,19,Electronics,4,500,2000,
413,"Friday, September 8, 2023",CUST413,Female,44,Beauty,3,25,75,
414,"Tuesday, May 9, 2023",CUST414,Male,48,Beauty,4,25,100,
415,"Friday, January 27, 2023",CUST415,Male,53,Clothing,2,30,60,
416,"Friday, February 17, 2023",CUST416,Male,53,Electronics,4,500,2000,
417,"Tuesday, November 21, 2023",CUST417,Male,43,Electronics,3,300,900,
418,"Saturday, August 5, 2023",CUST418,Female,60,Electronics,2,500,1000,
419,"Monday, May 22, 2023",CUST419,Female,44,Clothing,3,30,90,
420,"Monday, January 23, 2023",CUST420,Female,22,Clothing,4,500,2000,
421,"Monday, January 2, 2023",CUST421,Female,37,Clothing,3,500,1500,
422,"Tuesday, June 20, 2023",CUST422,Female,28,Clothing,3,30,90,
423,"Wednesday, March 8, 2023",CUST423,Female,27,Clothing,1,25,25,
424,"Thursday, November 23, 2023",CUST424,Male,57,Beauty,4,300,1200,
425,"Monday, May 15, 2023",CUST425,Female,55,Electronics,4,30,120,
426,"Friday, March 24, 2023",CUST426,Male,23,Electronics,3,50,150,
427,"Tuesday, August 15, 2023",CUST427,Male,25,Electronics,1,25,25,
428,"Tuesday, October 10, 2023",CUST428,Female,40,Electronics,4,50,200,
429,"Thursday, December 28, 2023",CUST429,Male,64,Electronics,2,25,50,
430,"Monday, August 7, 2023",CUST430,Female,43,Electronics,3,300,900,
431,"Sunday, October 15, 2023",CUST431,Male,63,Electronics,4,300,1200,
432,"Thursday, January 5, 2023",CUST432,Female,60,Electronics,2,500,1000,
433,"Monday, February 27, 2023",CUST433,Male,29,Beauty,4,50,200,
434,"Wednesday, February 8, 2023",CUST434,Female,43,Electronics,2,25,50,
435,"Wednesday, December 20, 2023",CUST435,Female,30,Beauty,3,300,900,
436,"Saturday, March 18, 2023",CUST436,Female,57,Clothing,4,30,120,
437,"Saturday, October 7, 2023",CUST437,Female,35,Electronics,4,300,1200,
438,"Thursday, January 19, 2023",CUST438,Female,42,Clothing,1,30,30,
439,"Sunday, July 9, 2023",CUST439,Male,50,Clothing,3,25,75,
440,"Thursday, October 26, 2023",CUST440,Male,64,Clothing,2,300,600,
441,"Tuesday, October 10, 2023",CUST441,Male,57,Beauty,4,300,1200,
442,"Friday, March 17, 2023",CUST442,Female,60,Clothing,4,25,100,
443,"Wednesday, August 9, 2023",CUST443,Male,29,Clothing,2,300,600,
444,"Tuesday, March 7, 2023",CUST444,Female,61,Clothing,3,30,90,
445,"Sunday, January 22, 2023",CUST445,Female,53,Electronics,1,300,300,
446,"Wednesday, June 7, 2023",CUST446,Male,21,Electronics,1,50,50,
447,"Thursday, July 6, 2023",CUST447,Male,22,Beauty,4,500,2000,
448,"Saturday, January 21, 2023",CUST448,Female,54,Beauty,2,30,60,
449,"Monday, July 3, 2023",CUST449,Male,25,Electronics,4,50,200,
450,"Tuesday, April 18, 2023",CUST450,Female,59,Beauty,2,25,50,
451,"Saturday, December 16, 2023",CUST451,Female,45,Electronics,1,30,30,
452,"Monday, May 8, 2023",CUST452,Female,48,Clothing,3,500,1500,
453,"Friday, December 8, 2023",CUST453,Female,26,Clothing,2,500,1000,
454,"Wednesday, February 22, 2023",CUST454,Female,46,Beauty,1,25,25,
455,"Saturday, July 1, 2023",CUST455,Male,31,Electronics,4,25,100,
456,"Saturday, October 14, 2023",CUST456,Male,57,Electronics,2,30,60,
457,"Friday, July 28, 2023",CUST457,Female,58,Beauty,3,300,900,
458,"Tuesday, November 14, 2023",CUST458,Female,39,Electronics,4,25,100,
459,"Tuesday, March 21, 2023",CUST459,Male,28,Clothing,4,300,1200,
460,"Tuesday, May 2, 2023",CUST460,Male,40,Beauty,1,50,50,
461,"Saturday, March 25, 2023",CUST461,Female,18,Beauty,2,500,1000,
462,"Saturday, April 1, 2023",CUST462,Male,63,Electronics,4,300,1200,
463,"Monday, July 31, 2023",CUST463,Female,54,Beauty,3,500,1500,
464,"Friday, January 13, 2023",CUST464,Male,38,Electronics,2,300,600,
465,"Sunday, April 2, 2023",CUST465,Female,43,Electronics,3,50,150,
466,"Tuesday, June 20, 2023",CUST466,Male,63,Electronics,4,25,100,
467,"Sunday, July 30, 2023",CUST467,Female,53,Electronics,3,50,150,
468,"Saturday, December 9, 2023",CUST468,Male,40,Electronics,1,25,25,
469,"Monday, May 8, 2023",CUST469,Male,18,Beauty,3,25,75,
470,"Wednesday, May 17, 2023",CUST470,Female,57,Clothing,2,500,1000,
471,"Thursday, March 23, 2023",CUST471,Male,32,Clothing,3,50,150,
472,"Tuesday, December 26, 2023",CUST472,Female,38,Beauty,3,300,900,
473,"Saturday, February 25, 2023",CUST473,Male,64,Beauty,1,50,50,
474,"Saturday, July 15, 2023",CUST474,Female,26,Clothing,3,500,1500,
475,"Friday, January 20, 2023",CUST475,Male,26,Clothing,3,25,75,
476,"Tuesday, August 29, 2023",CUST476,Female,27,Clothing,4,500,2000,
477,"Monday, April 24, 2023",CUST477,Male,43,Clothing,4,30,120,
478,"Thursday, April 13, 2023",CUST478,Female,58,Clothing,2,30,60,
479,"Thursday, August 24, 2023",CUST479,Male,52,Electronics,4,300,1200,
480,"Thursday, June 29, 2023",CUST480,Female,42,Beauty,4,500,2000,
481,"Tuesday, June 6, 2023",CUST481,Female,43,Electronics,4,300,1200,
482,"Thursday, April 27, 2023",CUST482,Female,28,Clothing,4,300,1200,
483,"Tuesday, April 25, 2023",CUST483,Male,55,Clothing,1,30,30,
484,"Friday, January 13, 2023",CUST484,Female,19,Clothing,4,300,1200,
485,"Monday, December 4, 2023",CUST485,Male,24,Electronics,1,30,30,
486,"Sunday, April 9, 2023",CUST486,Female,35,Electronics,1,25,25,
487,"Monday, July 24, 2023",CUST487,Male,44,Clothing,4,500,2000,
488,"Sunday, June 18, 2023",CUST488,Female,51,Electronics,3,300,900,
489,"Tuesday, May 23, 2023",CUST489,Male,44,Electronics,1,30,30,
490,"Sunday, February 5, 2023",CUST490,Male,34,Clothing,3,50,150,
491,"Tuesday, May 23, 2023",CUST491,Female,60,Electronics,3,300,900,
492,"Thursday, June 29, 2023",CUST492,Male,61,Beauty,4,25,100,
493,"Saturday, November 25, 2023",CUST493,Male,41,Beauty,2,25,50,
494,"Monday, September 18, 2023",CUST494,Female,42,Beauty,4,50,200,
495,"Monday, July 24, 2023",CUST495,Male,24,Beauty,2,30,60,
496,"Thursday, December 14, 2023",CUST496,Male,23,Clothing,2,300,600,
497,"Monday, October 2, 2023",CUST497,Male,41,Clothing,4,30,120,
498,"Monday, June 19, 2023",CUST498,Female,50,Clothing,4,25,100,
499,"Sunday, January 15, 2023",CUST499,Male,46,Beauty,2,30,60,
500,"Wednesday, March 1, 2023",CUST500,Female,60,Beauty,4,25,100,
501,"Sunday, May 14, 2023",CUST501,Male,39,Electronics,2,30,60,
502,"Sunday, April 2, 2023",CUST502,Male,43,Electronics,3,50,150,
503,"Wednesday, October 25, 2023",CUST503,Male,45,Beauty,4,500,2000,
504,"Tuesday, May 16, 2023",CUST504,Female,38,Beauty,3,50,150,
505,"Friday, January 20, 2023",CUST505,Male,24,Beauty,1,50,50,
506,"Saturday, February 25, 2023",CUST506,Male,34,Beauty,3,500,1500,
507,"Thursday, November 2, 2023",CUST507,Female,37,Electronics,3,500,1500,
508,"Friday, August 11, 2023",CUST508,Male,58,Beauty,2,300,600,
509,"Monday, June 26, 2023",CUST509,Female,37,Electronics,3,300,900,
510,"Saturday, June 10, 2023",CUST510,Female,39,Beauty,4,50,200,
511,"Saturday, August 12, 2023",CUST511,Male,45,Beauty,2,50,100,
512,"Tuesday, November 7, 2023",CUST512,Female,57,Beauty,1,25,25,
513,"Tuesday, September 19, 2023",CUST513,Male,24,Electronics,4,25,100,
514,"Wednesday, March 1, 2023",CUST514,Female,18,Electronics,1,300,300,
515,"Monday, July 17, 2023",CUST515,Female,49,Clothing,3,300,900,
516,"Monday, October 23, 2023",CUST516,Male,30,Beauty,4,25,100,
517,"Saturday, April 8, 2023",CUST517,Female,47,Clothing,4,25,100,
518,"Thursday, May 11, 2023",CUST518,Female,40,Clothing,1,30,30,
519,"Monday, January 23, 2023",CUST519,Female,36,Electronics,4,30,120,
520,"Friday, December 29, 2023",CUST520,Female,49,Electronics,4,25,100,
521,"Saturday, August 12, 2023",CUST521,Female,47,Clothing,4,30,120,
522,"Sunday, January 1, 2023",CUST522,Male,46,Beauty,3,500,1500,
523,"Sunday, September 24, 2023",CUST523,Female,62,Electronics,1,300,300,
524,"Tuesday, October 3, 2023",CUST524,Male,46,Beauty,4,300,1200,
525,"Monday, December 18, 2023",CUST525,Female,47,Beauty,2,25,50,
526,"Sunday, December 10, 2023",CUST526,Male,33,Clothing,2,50,100,
527,"Tuesday, April 11, 2023",CUST527,Male,57,Clothing,2,25,50,
528,"Thursday, July 6, 2023",CUST528,Female,36,Clothing,2,30,60,
529,"Wednesday, August 9, 2023",CUST529,Female,35,Clothing,3,50,150,
530,"Sunday, February 5, 2023",CUST530,Female,18,Electronics,4,30,120,
531,"Thursday, December 7, 2023",CUST531,Male,31,Electronics,1,500,500,
532,"Monday, June 19, 2023",CUST532,Female,64,Clothing,4,30,120,
533,"Thursday, November 16, 2023",CUST533,Male,19,Electronics,3,500,1500,
534,"Saturday, June 10, 2023",CUST534,Male,45,Clothing,2,500,1000,
535,"Wednesday, December 6, 2023",CUST535,Male,47,Beauty,3,30,90,
536,"Sunday, March 5, 2023",CUST536,Female,55,Beauty,4,30,120,
537,"Saturday, June 3, 2023",CUST537,Female,21,Beauty,1,500,500,
538,"Sunday, September 17, 2023",CUST538,Male,18,Clothing,3,50,150,
539,"Thursday, June 8, 2023",CUST539,Male,25,Beauty,1,500,500,
540,"Friday, December 8, 2023",CUST540,Female,46,Electronics,3,300,900,
541,"Saturday, July 29, 2023",CUST541,Male,56,Beauty,1,500,500,
542,"Saturday, June 17, 2023",CUST542,Female,20,Beauty,1,50,50,
543,"Wednesday, July 26, 2023",CUST543,Male,49,Beauty,2,300,600,
544,"Saturday, December 23, 2023",CUST544,Female,27,Electronics,1,25,25,
545,"Thursday, June 1, 2023",CUST545,Male,27,Clothing,2,25,50,
546,"Wednesday, October 11, 2023",CUST546,Female,36,Electronics,4,50,200,
547,"Tuesday, March 7, 2023",CUST547,Male,63,Clothing,4,500,2000,
548,"Sunday, April 9, 2023",CUST548,Female,51,Clothing,2,30,60,
549,"Friday, August 4, 2023",CUST549,Female,50,Beauty,2,50,100,
550,"Thursday, December 7, 2023",CUST550,Male,40,Clothing,3,300,900,
551,"Friday, July 14, 2023",CUST551,Male,45,Electronics,3,300,900,
552,"Wednesday, December 13, 2023",CUST552,Female,49,Electronics,3,25,75,
553,"Friday, March 31, 2023",CUST553,Male,24,Clothing,4,300,1200,
554,"Sunday, November 12, 2023",CUST554,Female,46,Beauty,3,50,150,
555,"Thursday, October 19, 2023",CUST555,Male,25,Beauty,1,300,300,
556,"Sunday, June 4, 2023",CUST556,Female,18,Electronics,1,50,50,
557,"Thursday, July 27, 2023",CUST557,Female,20,Beauty,3,30,90,
558,"Sunday, October 8, 2023",CUST558,Female,41,Clothing,1,25,25,
559,"Sunday, January 1, 2023",CUST559,Female,40,Clothing,4,300,1200,
560,"Monday, June 5, 2023",CUST560,Female,25,Electronics,1,50,50,
561,"Saturday, May 27, 2023",CUST561,Female,64,Clothing,4,500,2000,
562,"Tuesday, April 18, 2023",CUST562,Male,54,Electronics,2,25,50,
563,"Wednesday, August 9, 2023",CUST563,Male,20,Clothing,2,30,60,
564,"Tuesday, October 24, 2023",CUST564,Male,50,Electronics,2,50,100,
565,"Tuesday, November 7, 2023",CUST565,Female,45,Beauty,2,30,60,
566,"Saturday, December 2, 2023",CUST566,Female,64,Clothing,1,30,30,
567,"Wednesday, June 14, 2023",CUST567,Female,25,Clothing,3,300,900,
568,"Sunday, August 27, 2023",CUST568,Female,51,Electronics,1,300,300,
569,"Tuesday, August 15, 2023",CUST569,Male,52,Electronics,4,50,200,
570,"Tuesday, August 15, 2023",CUST570,Male,49,Clothing,1,500,500,
571,"Tuesday, December 12, 2023",CUST571,Female,41,Electronics,1,50,50,
572,"Thursday, April 20, 2023",CUST572,Male,31,Clothing,4,500,2000,
573,"Tuesday, September 19, 2023",CUST573,Male,49,Beauty,2,30,60,
574,"Thursday, August 31, 2023",CUST574,Female,63,Electronics,2,25,50,
575,"Tuesday, March 28, 2023",CUST575,Male,60,Clothing,2,50,100,
576,"Monday, December 4, 2023",CUST576,Female,33,Beauty,3,50,150,
577,"Monday, February 13, 2023",CUST577,Male,21,Beauty,4,500,2000,
578,"Friday, May 26, 2023",CUST578,Female,54,Clothing,4,30,120,
579,"Thursday, September 21, 2023",CUST579,Female,38,Electronics,1,30,30,
580,"Wednesday, December 6, 2023",CUST580,Female,31,Clothing,3,500,1500,
581,"Tuesday, November 21, 2023",CUST581,Female,48,Beauty,2,30,60,
582,"Tuesday, November 14, 2023",CUST582,Male,35,Clothing,3,300,900,
583,"Wednesday, June 21, 2023",CUST583,Female,24,Electronics,4,25,100,
584,"Friday, February 17, 2023",CUST584,Female,27,Beauty,4,50,200,
585,"Monday, May 1, 2023",CUST585,Female,24,Clothing,1,25,25,
586,"Monday, December 11, 2023",CUST586,Male,50,Electronics,1,50,50,
587,"Thursday, June 8, 2023",CUST587,Female,40,Beauty,4,300,1200,
588,"Wednesday, April 26, 2023",CUST588,Male,38,Electronics,2,30,60,
589,"Wednesday, April 12, 2023",CUST589,Female,36,Beauty,2,500,1000,
590,"Friday, March 17, 2023",CUST590,Male,36,Clothing,3,300,900,
591,"Friday, January 13, 2023",CUST591,Male,53,Electronics,4,25,100,
592,"Tuesday, January 24, 2023",CUST592,Female,46,Beauty,4,500,2000,
593,"Saturday, May 6, 2023",CUST593,Male,35,Electronics,2,30,60,
594,"Friday, September 1, 2023",CUST594,Female,19,Electronics,2,300,600,
595,"Thursday, November 9, 2023",CUST595,Female,18,Clothing,4,500,2000,
596,"Tuesday, February 7, 2023",CUST596,Female,64,Electronics,1,300,300,
597,"Tuesday, August 22, 2023",CUST597,Male,22,Beauty,4,300,1200,
598,"Tuesday, August 1, 2023",CUST598,Male,37,Beauty,4,30,120,
599,"Sunday, November 19, 2023",CUST599,Female,28,Beauty,2,50,100,
600,"Sunday, October 22, 2023",CUST600,Female,59,Beauty,2,500,1000,
601,"Monday, April 10, 2023",CUST601,Male,19,Clothing,1,30,30,
602,"Saturday, December 23, 2023",CUST602,Female,20,Electronics,1,300,300,
603,"Sunday, July 16, 2023",CUST603,Female,40,Clothing,3,30,90,
604,"Monday, September 11, 2023",CUST604,Female,29,Electronics,4,50,200,
605,"Monday, July 24, 2023",CUST605,Male,37,Electronics,2,500,1000,
606,"Friday, May 5, 2023",CUST606,Male,22,Electronics,1,50,50,
607,"Friday, March 17, 2023",CUST607,Male,54,Clothing,3,25,75,
608,"Saturday, December 2, 2023",CUST608,Female,55,Electronics,3,500,1500,
609,"Tuesday, December 19, 2023",CUST609,Female,47,Clothing,2,50,100,
610,"Tuesday, January 3, 2023",CUST610,Female,26,Beauty,2,300,600,
611,"Friday, February 24, 2023",CUST611,Male,51,Beauty,3,500,1500,
612,"Sunday, August 6, 2023",CUST612,Female,61,Electronics,1,500,500,
613,"Sunday, April 23, 2023",CUST613,Female,52,Clothing,3,30,90,
614,"Saturday, April 1, 2023",CUST614,Female,39,Beauty,4,300,1200,
615,"Saturday, December 23, 2023",CUST615,Female,61,Clothing,4,25,100,
616,"Saturday, September 23, 2023",CUST616,Male,41,Clothing,2,50,100,
617,"Saturday, August 26, 2023",CUST617,Male,34,Electronics,1,30,30,
618,"Thursday, January 26, 2023",CUST618,Female,27,Beauty,1,50,50,
619,"Friday, October 13, 2023",CUST619,Male,47,Electronics,4,25,100,
620,"Monday, May 8, 2023",CUST620,Male,63,Electronics,3,25,75,
621,"Saturday, March 4, 2023",CUST621,Female,40,Beauty,2,500,1000,
622,"Tuesday, August 22, 2023",CUST622,Female,49,Beauty,3,25,75,
623,"Friday, March 10, 2023",CUST623,Male,34,Clothing,3,50,150,
624,"Saturday, August 26, 2023",CUST624,Female,34,Beauty,3,300,900,
625,"Friday, December 8, 2023",CUST625,Male,31,Clothing,1,300,300,
626,"Friday, September 29, 2023",CUST626,Female,26,Clothing,4,500,2000,
627,"Saturday, October 14, 2023",CUST627,Male,57,Clothing,1,50,50,
628,"Wednesday, November 1, 2023",CUST628,Female,19,Beauty,4,50,200,
629,"Monday, June 12, 2023",CUST629,Male,62,Electronics,2,25,50,
630,"Tuesday, August 15, 2023",CUST630,Male,42,Clothing,2,50,100,
631,"Friday, November 10, 2023",CUST631,Male,56,Electronics,3,30,90,
632,"Saturday, September 16, 2023",CUST632,Female,26,Electronics,4,25,100,
633,"Monday, August 7, 2023",CUST633,Male,39,Beauty,4,30,120,
634,"Sunday, October 8, 2023",CUST634,Male,60,Electronics,4,500,2000,
635,"Thursday, August 17, 2023",CUST635,Female,63,Electronics,3,300,900,
636,"Thursday, March 23, 2023",CUST636,Female,21,Beauty,3,500,1500,
637,"Friday, September 1, 2023",CUST637,Male,43,Clothing,2,300,600,
638,"Saturday, August 19, 2023",CUST638,Male,46,Electronics,1,500,500,
639,"Saturday, May 13, 2023",CUST639,Female,62,Beauty,4,50,200,
640,"Sunday, May 7, 2023",CUST640,Female,51,Electronics,4,30,120,
641,"Thursday, November 23, 2023",CUST641,Female,40,Electronics,1,300,300,
642,"Monday, May 22, 2023",CUST642,Female,54,Clothing,4,25,100,
643,"Sunday, September 24, 2023",CUST643,Female,28,Electronics,3,30,90,
644,"Wednesday, September 6, 2023",CUST644,Male,23,Beauty,3,25,75,
645,"Friday, November 17, 2023",CUST645,Female,35,Electronics,4,30,120,
646,"Wednesday, May 3, 2023",CUST646,Male,38,Clothing,3,30,90,
647,"Sunday, May 21, 2023",CUST647,Male,59,Clothing,3,500,1500,
648,"Monday, August 14, 2023",CUST648,Male,53,Beauty,4,300,1200,
649,"Thursday, February 9, 2023",CUST649,Female,58,Clothing,2,300,600,
650,"Monday, January 1, 2024",CUST650,Male,55,Electronics,1,30,30,
651,"Saturday, May 27, 2023",CUST651,Male,51,Clothing,3,50,150,
652,"Monday, May 1, 2023",CUST652,Female,34,Beauty,2,50,100,
653,"Saturday, May 20, 2023",CUST653,Male,54,Clothing,3,25,75,
654,"Wednesday, June 21, 2023",CUST654,Male,42,Clothing,3,25,75,
655,"Tuesday, June 13, 2023",CUST655,Female,55,Clothing,1,500,500,
656,"Wednesday, October 4, 2023",CUST656,Male,29,Beauty,3,30,90,
657,"Saturday, February 11, 2023",CUST657,Male,40,Clothing,1,25,25,
658,"Sunday, March 12, 2023",CUST658,Male,59,Clothing,1,25,25,
659,"Sunday, March 19, 2023",CUST659,Female,39,Electronics,1,30,30,
660,"Saturday, April 29, 2023",CUST660,Female,38,Beauty,2,500,1000,
661,"Sunday, July 16, 2023",CUST661,Female,44,Clothing,4,25,100,
662,"Friday, December 22, 2023",CUST662,Male,48,Beauty,2,500,1000,
663,"Monday, March 20, 2023",CUST663,Male,23,Clothing,4,300,1200,
664,"Thursday, December 28, 2023",CUST664,Female,44,Clothing,4,500,2000,
665,"Thursday, April 20, 2023",CUST665,Male,57,Clothing,1,50,50,
666,"Thursday, February 2, 2023",CUST666,Male,51,Electronics,3,50,150,
667,"Tuesday, August 1, 2023",CUST667,Female,29,Electronics,1,500,500,
668,"Friday, July 28, 2023",CUST668,Female,62,Electronics,3,50,150,
669,"Monday, June 19, 2023",CUST669,Male,24,Beauty,4,300,1200,
670,"Thursday, October 5, 2023",CUST670,Male,27,Beauty,1,30,30,
671,"Sunday, August 27, 2023",CUST671,Male,62,Electronics,3,50,150,
672,"Tuesday, August 1, 2023",CUST672,Female,34,Beauty,2,50,100,
673,"Wednesday, February 1, 2023",CUST673,Female,43,Clothing,3,500,1500,
674,"Sunday, April 16, 2023",CUST674,Female,38,Clothing,1,300,300,
675,"Friday, August 4, 2023",CUST675,Female,45,Clothing,2,30,60,
676,"Wednesday, July 19, 2023",CUST676,Male,63,Electronics,3,500,1500,
677,"Friday, October 27, 2023",CUST677,Female,19,Beauty,3,500,1500,
678,"Saturday, December 23, 2023",CUST678,Female,60,Electronics,3,300,900,
679,"Wednesday, January 11, 2023",CUST679,Female,18,Beauty,3,30,90,
680,"Sunday, October 22, 2023",CUST680,Female,53,Clothing,3,300,900,
681,"Friday, July 14, 2023",CUST681,Female,43,Electronics,2,30,60,
682,"Saturday, September 2, 2023",CUST682,Male,46,Beauty,4,300,1200,
683,"Wednesday, January 4, 2023",CUST683,Male,38,Beauty,2,500,1000,
684,"Friday, June 30, 2023",CUST684,Female,28,Clothing,2,500,1000,
685,"Friday, June 2, 2023",CUST685,Male,57,Electronics,2,25,50,
686,"Wednesday, July 19, 2023",CUST686,Female,28,Electronics,4,50,200,
687,"Thursday, August 3, 2023",CUST687,Female,53,Electronics,1,300,300,
688,"Tuesday, October 3, 2023",CUST688,Male,56,Clothing,4,25,100,
689,"Saturday, October 7, 2023",CUST689,Male,57,Electronics,2,50,100,
690,"Sunday, November 5, 2023",CUST690,Female,52,Clothing,3,300,900,
691,"Sunday, April 23, 2023",CUST691,Female,51,Clothing,3,30,90,
692,"Thursday, September 7, 2023",CUST692,Female,64,Clothing,2,50,100,
693,"Sunday, April 23, 2023",CUST693,Male,41,Beauty,3,500,1500,
694,"Saturday, May 20, 2023",CUST694,Female,39,Electronics,2,25,50,
695,"Saturday, August 12, 2023",CUST695,Female,22,Electronics,3,50,150,
696,"Wednesday, September 6, 2023",CUST696,Female,50,Clothing,4,50,200,
697,"Sunday, January 15, 2023",CUST697,Male,53,Clothing,1,500,500,
698,"Wednesday, July 19, 2023",CUST698,Female,64,Electronics,1,300,300,
699,"Thursday, June 22, 2023",CUST699,Female,37,Clothing,4,30,120,
700,"Saturday, December 9, 2023",CUST700,Male,36,Electronics,4,500,2000,
701,"Thursday, December 14, 2023",CUST701,Female,52,Beauty,2,30,60,
702,"Thursday, July 27, 2023",CUST702,Female,60,Clothing,2,300,600,
703,"Sunday, March 26, 2023",CUST703,Male,34,Electronics,2,50,100,
704,"Monday, August 28, 2023",CUST704,Female,62,Clothing,3,30,90,
705,"Tuesday, March 7, 2023",CUST705,Male,60,Electronics,2,25,50,
706,"Wednesday, November 15, 2023",CUST706,Male,51,Electronics,4,25,100,
707,"Sunday, October 1, 2023",CUST707,Female,26,Clothing,1,500,500,
708,"Saturday, January 14, 2023",CUST708,Female,43,Beauty,3,300,900,
709,"Friday, July 21, 2023",CUST709,Female,19,Electronics,2,500,1000,
710,"Tuesday, October 31, 2023",CUST710,Female,26,Electronics,3,500,1500,
711,"Monday, October 16, 2023",CUST711,Male,26,Electronics,3,500,1500,
712,"Wednesday, December 6, 2023",CUST712,Female,57,Beauty,2,25,50,
713,"Saturday, January 14, 2023",CUST713,Male,34,Beauty,3,25,75,
714,"Sunday, February 12, 2023",CUST714,Female,18,Clothing,1,500,500,
715,"Sunday, November 26, 2023",CUST715,Female,42,Beauty,4,25,100,
716,"Tuesday, August 8, 2023",CUST716,Female,60,Clothing,4,300,1200,
717,"Saturday, March 11, 2023",CUST717,Male,57,Clothing,1,500,500,
718,"Friday, August 25, 2023",CUST718,Female,59,Beauty,3,25,75,
719,"Tuesday, April 4, 2023",CUST719,Female,42,Clothing,2,30,60,
720,"Thursday, January 26, 2023",CUST720,Female,56,Beauty,3,500,1500,
721,"Sunday, May 14, 2023",CUST721,Female,52,Clothing,1,500,500,
722,"Friday, July 14, 2023",CUST722,Male,20,Beauty,3,300,900,
723,"Saturday, June 17, 2023",CUST723,Female,54,Beauty,4,50,200,
724,"Wednesday, April 19, 2023",CUST724,Male,61,Clothing,3,50,150,
725,"Monday, August 21, 2023",CUST725,Male,61,Electronics,1,300,300,
726,"Saturday, June 17, 2023",CUST726,Male,47,Clothing,4,300,1200,
727,"Thursday, June 22, 2023",CUST727,Male,55,Beauty,3,300,900,
728,"Friday, July 14, 2023",CUST728,Male,51,Electronics,3,50,150,
729,"Tuesday, May 23, 2023",CUST729,Male,29,Clothing,4,300,1200,
730,"Friday, August 4, 2023",CUST730,Female,36,Clothing,2,25,50,
731,"Wednesday, May 10, 2023",CUST731,Male,54,Clothing,4,500,2000,
732,"Saturday, February 11, 2023",CUST732,Male,61,Electronics,2,500,1000,
733,"Tuesday, August 29, 2023",CUST733,Male,34,Beauty,1,30,30,
734,"Tuesday, January 10, 2023",CUST734,Female,27,Clothing,1,30,30,
735,"Wednesday, October 4, 2023",CUST735,Female,64,Clothing,4,500,2000,
736,"Friday, January 27, 2023",CUST736,Male,29,Clothing,4,25,100,
737,"Thursday, June 29, 2023",CUST737,Female,33,Clothing,1,50,50,
738,"Tuesday, April 25, 2023",CUST738,Male,41,Clothing,2,50,100,
739,"Wednesday, November 29, 2023",CUST739,Male,36,Beauty,1,25,25,
740,"Sunday, February 5, 2023",CUST740,Female,25,Beauty,4,50,200,
741,"Thursday, November 30, 2023",CUST741,Male,48,Clothing,1,300,300,
742,"Saturday, January 21, 2023",CUST742,Female,38,Electronics,4,500,2000,
743,"Monday, January 16, 2023",CUST743,Female,34,Beauty,4,500,2000,
744,"Sunday, May 7, 2023",CUST744,Male,40,Electronics,1,25,25,
745,"Thursday, April 13, 2023",CUST745,Male,54,Beauty,2,50,100,
746,"Wednesday, January 11, 2023",CUST746,Female,33,Clothing,3,30,90,
747,"Wednesday, November 15, 2023",CUST747,Male,23,Beauty,1,30,30,
748,"Monday, March 20, 2023",CUST748,Male,25,Clothing,3,50,150,
749,"Wednesday, May 3, 2023",CUST749,Male,42,Beauty,1,30,30,
750,"Monday, March 6, 2023",CUST750,Female,35,Clothing,3,25,75,
751,"Thursday, August 31, 2023",CUST751,Female,42,Clothing,2,25,50,
752,"Saturday, December 9, 2023",CUST752,Male,29,Clothing,2,50,100,
753,"Tuesday, February 28, 2023",CUST753,Female,32,Clothing,1,30,30,
754,"Monday, October 16, 2023",CUST754,Female,43,Electronics,4,25,100,
755,"Saturday, April 22, 2023",CUST755,Female,58,Clothing,3,25,75,
756,"Sunday, August 27, 2023",CUST756,Female,62,Electronics,4,300,1200,
757,"Monday, December 25, 2023",CUST757,Female,43,Electronics,4,300,1200,
758,"Friday, May 12, 2023",CUST758,Male,64,Clothing,4,25,100,
759,"Saturday, July 8, 2023",CUST759,Male,49,Electronics,2,50,100,
760,"Monday, March 27, 2023",CUST760,Male,27,Beauty,1,500,500,
761,"Tuesday, November 7, 2023",CUST761,Female,33,Clothing,1,500,500,
762,"Tuesday, November 7, 2023",CUST762,Female,24,Electronics,2,25,50,
763,"Tuesday, February 28, 2023",CUST763,Male,34,Clothing,2,25,50,
764,"Saturday, March 25, 2023",CUST764,Female,40,Clothing,1,25,25,
765,"Friday, June 9, 2023",CUST765,Male,43,Clothing,4,50,200,
766,"Saturday, February 25, 2023",CUST766,Male,38,Electronics,3,300,900,
767,"Tuesday, October 24, 2023",CUST767,Male,39,Beauty,3,25,75,
768,"Saturday, January 14, 2023",CUST768,Female,24,Beauty,3,25,75,
769,"Friday, June 9, 2023",CUST769,Female,31,Electronics,4,30,120,
770,"Sunday, October 22, 2023",CUST770,Male,32,Clothing,1,50,50,
771,"Wednesday, December 13, 2023",CUST771,Male,24,Electronics,2,25,50,
772,"Wednesday, July 12, 2023",CUST772,Male,26,Electronics,1,30,30,
773,"Sunday, July 23, 2023",CUST773,Male,25,Electronics,4,500,2000,
774,"Wednesday, April 12, 2023",CUST774,Female,40,Clothing,2,25,50,
775,"Wednesday, February 8, 2023",CUST775,Female,46,Electronics,4,25,100,
776,"Tuesday, October 31, 2023",CUST776,Male,35,Clothing,3,30,90,
777,"Wednesday, December 20, 2023",CUST777,Male,48,Electronics,3,50,150,
778,"Saturday, November 18, 2023",CUST778,Female,47,Beauty,4,25,100,
779,"Friday, May 5, 2023",CUST779,Female,56,Electronics,2,500,1000,
780,"Wednesday, February 22, 2023",CUST780,Male,52,Electronics,2,25,50,
781,"Saturday, December 23, 2023",CUST781,Male,35,Beauty,1,500,500,
782,"Sunday, June 4, 2023",CUST782,Male,59,Clothing,3,300,900,
783,"Sunday, December 17, 2023",CUST783,Female,56,Clothing,1,300,300,
784,"Saturday, November 4, 2023",CUST784,Female,34,Electronics,1,500,500,
785,"Friday, March 3, 2023",CUST785,Female,31,Beauty,4,50,200,
786,"Tuesday, October 17, 2023",CUST786,Male,48,Clothing,4,25,100,
787,"Sunday, January 22, 2023",CUST787,Male,41,Electronics,1,25,25,
788,"Tuesday, June 27, 2023",CUST788,Female,52,Beauty,3,300,900,
789,"Saturday, September 30, 2023",CUST789,Female,61,Clothing,4,500,2000,
790,"Tuesday, August 8, 2023",CUST790,Male,62,Clothing,1,25,25,
791,"Tuesday, December 5, 2023",CUST791,Female,51,Beauty,1,25,25,
792,"Sunday, July 9, 2023",CUST792,Female,20,Beauty,1,50,50,
793,"Sunday, February 5, 2023",CUST793,Male,54,Beauty,1,30,30,
794,"Sunday, September 17, 2023",CUST794,Female,60,Beauty,1,300,300,
795,"Tuesday, November 28, 2023",CUST795,Male,57,Electronics,1,300,300,
796,"Saturday, June 24, 2023",CUST796,Male,43,Beauty,4,30,120,
797,"Saturday, January 7, 2023",CUST797,Male,40,Clothing,3,25,75,
798,"Friday, August 4, 2023",CUST798,Male,61,Clothing,1,50,50,
799,"Friday, September 8, 2023",CUST799,Male,56,Electronics,2,50,100,
800,"Friday, February 24, 2023",CUST800,Male,32,Clothing,4,300,1200,
801,"Thursday, August 10, 2023",CUST801,Male,21,Clothing,4,50,200,
802,"Wednesday, July 5, 2023",CUST802,Female,46,Beauty,1,30,30,
803,"Wednesday, November 22, 2023",CUST803,Male,39,Clothing,4,25,100,
804,"Thursday, August 24, 2023",CUST804,Male,42,Electronics,1,30,30,
805,"Friday, December 29, 2023",CUST805,Female,30,Beauty,3,500,1500,
806,"Monday, March 20, 2023",CUST806,Female,35,Beauty,3,300,900,
807,"Friday, August 11, 2023",CUST807,Female,50,Electronics,4,50,200,
808,"Saturday, April 1, 2023",CUST808,Male,33,Beauty,4,500,2000,
809,"Monday, September 25, 2023",CUST809,Female,62,Beauty,2,50,100,
810,"Thursday, November 30, 2023",CUST810,Male,59,Electronics,4,25,100,
811,"Friday, May 19, 2023",CUST811,Male,61,Beauty,2,25,50,
812,"Sunday, November 12, 2023",CUST812,Male,19,Electronics,3,25,75,
813,"Tuesday, October 3, 2023",CUST813,Male,52,Electronics,3,50,150,
814,"Tuesday, September 5, 2023",CUST814,Female,59,Clothing,1,500,500,
815,"Sunday, August 27, 2023",CUST815,Female,51,Clothing,3,25,75,
816,"Saturday, August 12, 2023",CUST816,Male,47,Beauty,2,500,1000,
817,"Tuesday, October 31, 2023",CUST817,Male,30,Beauty,4,50,200,
818,"Thursday, May 18, 2023",CUST818,Male,30,Electronics,1,500,500,
819,"Thursday, June 15, 2023",CUST819,Female,35,Beauty,2,50,100,
820,"Saturday, May 6, 2023",CUST820,Male,49,Electronics,4,50,200,
821,"Tuesday, February 14, 2023",CUST821,Male,49,Electronics,1,300,300,
822,"Tuesday, May 23, 2023",CUST822,Female,52,Beauty,3,50,150,
823,"Saturday, August 19, 2023",CUST823,Female,56,Electronics,2,50,100,
824,"Friday, May 5, 2023",CUST824,Male,63,Clothing,4,30,120,
825,"Saturday, August 26, 2023",CUST825,Female,46,Beauty,1,25,25,
826,"Thursday, October 19, 2023",CUST826,Female,46,Clothing,1,300,300,
827,"Thursday, November 9, 2023",CUST827,Male,61,Beauty,3,300,900,
828,"Saturday, December 9, 2023",CUST828,Female,33,Electronics,4,300,1200,
829,"Friday, July 14, 2023",CUST829,Male,61,Beauty,3,30,90,
830,"Thursday, June 22, 2023",CUST830,Female,64,Clothing,3,50,150,
831,"Sunday, January 15, 2023",CUST831,Male,27,Electronics,4,25,100,
832,"Monday, September 11, 2023",CUST832,Male,47,Beauty,4,500,2000,
833,"Friday, June 16, 2023",CUST833,Male,42,Beauty,4,50,200,
834,"Tuesday, April 4, 2023",CUST834,Female,56,Beauty,2,30,60,
835,"Thursday, September 7, 2023",CUST835,Male,37,Clothing,4,50,200,
836,"Wednesday, April 19, 2023",CUST836,Female,22,Clothing,1,50,50,
837,"Saturday, July 1, 2023",CUST837,Male,18,Beauty,3,30,90,
838,"Saturday, May 13, 2023",CUST838,Male,47,Electronics,2,300,600,
839,"Saturday, June 24, 2023",CUST839,Female,20,Electronics,4,300,1200,
840,"Wednesday, May 24, 2023",CUST840,Male,62,Clothing,2,25,50,
841,"Thursday, November 2, 2023",CUST841,Male,31,Electronics,4,25,100,
842,"Tuesday, December 26, 2023",CUST842,Female,47,Clothing,2,300,600,
843,"Monday, May 22, 2023",CUST843,Male,21,Beauty,3,500,1500,
844,"Thursday, October 12, 2023",CUST844,Male,35,Clothing,3,50,150,
845,"Friday, January 6, 2023",CUST845,Male,54,Clothing,1,500,500,
846,"Friday, September 22, 2023",CUST846,Male,42,Beauty,1,50,50,
847,"Saturday, April 8, 2023",CUST847,Female,18,Electronics,4,300,1200,
848,"Monday, February 13, 2023",CUST848,Female,63,Clothing,3,25,75,
849,"Thursday, May 4, 2023",CUST849,Male,32,Clothing,2,25,50,
850,"Friday, July 28, 2023",CUST850,Female,26,Beauty,2,500,1000,
851,"Friday, September 8, 2023",CUST851,Male,32,Electronics,2,25,50,
852,"Thursday, October 12, 2023",CUST852,Female,41,Clothing,1,300,300,
853,"Thursday, May 4, 2023",CUST853,Male,21,Beauty,2,500,1000,
854,"Wednesday, December 20, 2023",CUST854,Male,29,Clothing,1,50,50,
855,"Friday, September 1, 2023",CUST855,Male,54,Beauty,1,25,25,
856,"Monday, November 27, 2023",CUST856,Male,54,Electronics,4,30,120,
857,"Sunday, December 31, 2023",CUST857,Male,60,Electronics,2,25,50,
858,"Saturday, September 9, 2023",CUST858,Male,23,Electronics,2,50,100,
859,"Friday, August 18, 2023",CUST859,Female,56,Electronics,3,500,1500,
860,"Monday, January 9, 2023",CUST860,Male,63,Clothing,4,50,200,
861,"Friday, February 17, 2023",CUST861,Female,41,Clothing,3,30,90,
862,"Wednesday, May 31, 2023",CUST862,Male,28,Electronics,4,300,1200,
863,"Monday, April 24, 2023",CUST863,Female,30,Electronics,2,25,50,
864,"Thursday, July 27, 2023",CUST864,Female,51,Electronics,1,500,500,
865,"Thursday, December 21, 2023",CUST865,Female,42,Clothing,1,300,300,
866,"Friday, May 5, 2023",CUST866,Male,24,Electronics,1,50,50,
867,"Tuesday, June 6, 2023",CUST867,Male,21,Electronics,1,500,500,
868,"Wednesday, December 6, 2023",CUST868,Female,25,Electronics,1,300,300,
869,"Wednesday, October 25, 2023",CUST869,Male,37,Beauty,3,500,1500,
870,"Saturday, July 8, 2023",CUST870,Female,46,Electronics,4,30,120,
871,"Thursday, August 31, 2023",CUST871,Male,62,Beauty,2,30,60,
872,"Wednesday, October 11, 2023",CUST872,Female,63,Beauty,3,25,75,
873,"Friday, September 29, 2023",CUST873,Female,27,Electronics,4,25,100,
874,"Monday, June 26, 2023",CUST874,Male,60,Beauty,1,30,30,
875,"Sunday, August 6, 2023",CUST875,Female,51,Electronics,4,500,2000,
876,"Monday, October 9, 2023",CUST876,Male,43,Clothing,4,30,120,
877,"Monday, June 19, 2023",CUST877,Female,58,Clothing,1,25,25,
878,"Friday, June 30, 2023",CUST878,Female,20,Clothing,1,30,30,
879,"Tuesday, December 26, 2023",CUST879,Male,23,Clothing,1,30,30,
880,"Monday, August 21, 2023",CUST880,Male,22,Beauty,2,500,1000,
881,"Friday, May 19, 2023",CUST881,Male,22,Electronics,1,300,300,
882,"Tuesday, June 6, 2023",CUST882,Female,64,Electronics,2,25,50,
883,"Tuesday, May 9, 2023",CUST883,Male,40,Electronics,1,500,500,
884,"Saturday, April 29, 2023",CUST884,Female,26,Clothing,2,30,60,
885,"Friday, March 3, 2023",CUST885,Female,52,Clothing,4,30,120,
886,"Sunday, April 9, 2023",CUST886,Male,37,Electronics,3,300,900,
887,"Sunday, June 11, 2023",CUST887,Male,59,Clothing,4,25,100,
888,"Friday, March 3, 2023",CUST888,Female,52,Electronics,4,25,100,
889,"Monday, October 2, 2023",CUST889,Female,35,Electronics,1,50,50,
890,"Wednesday, December 20, 2023",CUST890,Male,34,Electronics,2,25,50,
891,"Wednesday, April 5, 2023",CUST891,Male,41,Electronics,3,300,900,
892,"Sunday, April 9, 2023",CUST892,Male,20,Electronics,1,50,50,
893,"Friday, April 21, 2023",CUST893,Male,49,Electronics,1,50,50,
894,"Tuesday, September 5, 2023",CUST894,Male,52,Electronics,1,30,30,
895,"Monday, May 22, 2023",CUST895,Female,55,Clothing,4,30,120,
896,"Sunday, October 29, 2023",CUST896,Female,30,Electronics,2,25,50,
897,"Tuesday, September 26, 2023",CUST897,Female,64,Electronics,2,50,100,
898,"Thursday, November 2, 2023",CUST898,Female,42,Clothing,3,30,90,
899,"Thursday, May 25, 2023",CUST899,Male,26,Clothing,2,300,600,
900,"Tuesday, February 21, 2023",CUST900,Male,21,Clothing,2,30,60,
901,"Monday, April 10, 2023",CUST901,Male,31,Electronics,1,30,30,
902,"Thursday, June 1, 2023",CUST902,Female,54,Beauty,1,50,50,
903,"Thursday, April 27, 2023",CUST903,Female,51,Beauty,4,50,200,
904,"Tuesday, July 4, 2023",CUST904,Male,28,Clothing,1,500,500,
905,"Sunday, April 2, 2023",CUST905,Male,58,Beauty,1,300,300,
906,"Sunday, June 4, 2023",CUST906,Female,20,Clothing,1,50,50,
907,"Sunday, January 8, 2023",CUST907,Female,45,Electronics,1,25,25,
908,"Friday, December 29, 2023",CUST908,Male,46,Beauty,4,300,1200,
909,"Sunday, October 1, 2023",CUST909,Male,26,Electronics,1,300,300,
910,"Monday, March 6, 2023",CUST910,Female,20,Beauty,3,50,150,
911,"Sunday, May 21, 2023",CUST911,Male,42,Electronics,3,300,900,
912,"Tuesday, January 24, 2023",CUST912,Male,51,Beauty,3,50,150,
913,"Saturday, January 28, 2023",CUST913,Male,29,Electronics,3,30,90,
914,"Wednesday, October 11, 2023",CUST914,Female,59,Electronics,1,500,500,
915,"Tuesday, May 30, 2023",CUST915,Female,26,Beauty,3,30,90,
916,"Sunday, December 24, 2023",CUST916,Female,32,Electronics,1,50,50,
917,"Monday, March 6, 2023",CUST917,Female,57,Electronics,4,50,200,
918,"Thursday, November 23, 2023",CUST918,Female,42,Electronics,3,30,90,
919,"Saturday, September 9, 2023",CUST919,Female,22,Beauty,2,25,50,
920,"Wednesday, February 22, 2023",CUST920,Female,28,Beauty,3,25,75,
921,"Saturday, January 7, 2023",CUST921,Male,51,Electronics,3,25,75,
922,"Saturday, October 21, 2023",CUST922,Male,41,Electronics,1,50,50,
923,"Friday, May 26, 2023",CUST923,Male,32,Beauty,3,300,900,
924,"Tuesday, August 29, 2023",CUST924,Male,55,Beauty,2,50,100,
925,"Sunday, September 3, 2023",CUST925,Male,25,Electronics,1,300,300,
926,"Monday, August 14, 2023",CUST926,Male,22,Electronics,1,30,30,
927,"Saturday, June 24, 2023",CUST927,Male,43,Electronics,4,500,2000,
928,"Wednesday, April 5, 2023",CUST928,Female,35,Clothing,4,300,1200,
929,"Friday, January 27, 2023",CUST929,Female,23,Beauty,3,25,75,
930,"Wednesday, May 10, 2023",CUST930,Male,54,Clothing,4,50,200,
931,"Saturday, September 2, 2023",CUST931,Male,30,Beauty,4,30,120,
932,"Tuesday, February 28, 2023",CUST932,Female,45,Beauty,4,25,100,
933,"Friday, February 3, 2023",CUST933,Male,22,Beauty,1,30,30,
934,"Tuesday, July 25, 2023",CUST934,Male,30,Beauty,1,500,500,
935,"Saturday, September 9, 2023",CUST935,Female,34,Beauty,1,50,50,
936,"Tuesday, February 7, 2023",CUST936,Male,57,Beauty,4,50,200,
937,"Monday, October 23, 2023",CUST937,Female,62,Beauty,1,500,500,
938,"Sunday, November 19, 2023",CUST938,Male,49,Clothing,4,50,200,
939,"Monday, December 18, 2023",CUST939,Female,46,Electronics,1,300,300,
940,"Saturday, January 28, 2023",CUST940,Female,20,Electronics,1,30,30,
941,"Sunday, March 19, 2023",CUST941,Female,57,Clothing,2,25,50,
942,"Saturday, March 18, 2023",CUST942,Male,51,Clothing,3,500,1500,
943,"Monday, October 16, 2023",CUST943,Female,57,Clothing,4,300,1200,
944,"Monday, June 5, 2023",CUST944,Male,44,Clothing,2,25,50,
945,"Monday, February 13, 2023",CUST945,Male,30,Beauty,1,25,25,
946,"Monday, May 8, 2023",CUST946,Male,62,Electronics,4,500,2000,
947,"Thursday, March 2, 2023",CUST947,Male,50,Beauty,1,300,300,
948,"Friday, October 13, 2023",CUST948,Female,23,Electronics,3,25,75,
949,"Wednesday, August 2, 2023",CUST949,Female,41,Electronics,2,25,50,
950,"Tuesday, November 7, 2023",CUST950,Male,36,Clothing,3,300,900,
951,"Thursday, November 2, 2023",CUST951,Male,33,Beauty,2,50,100,
952,"Monday, November 13, 2023",CUST952,Female,57,Clothing,1,25,25,
953,"Wednesday, April 26, 2023",CUST953,Male,45,Beauty,3,30,90,
954,"Monday, September 25, 2023",CUST954,Female,50,Electronics,3,300,900,
955,"Friday, July 14, 2023",CUST955,Male,58,Clothing,1,25,25,
956,"Saturday, August 19, 2023",CUST956,Male,30,Clothing,3,500,1500,
957,"Tuesday, August 15, 2023",CUST957,Female,60,Electronics,4,30,120,
958,"Friday, June 2, 2023",CUST958,Male,62,Electronics,2,25,50,
959,"Sunday, October 29, 2023",CUST959,Female,42,Electronics,2,30,60,
960,"Tuesday, August 8, 2023",CUST960,Male,59,Clothing,2,30,60,
961,"Tuesday, June 6, 2023",CUST961,Male,53,Beauty,4,50,200,
962,"Thursday, October 19, 2023",CUST962,Male,44,Clothing,2,30,60,
963,"Tuesday, November 14, 2023",CUST963,Female,55,Beauty,1,50,50,
964,"Tuesday, January 31, 2023",CUST964,Male,24,Clothing,3,300,900,
965,"Thursday, November 9, 2023",CUST965,Male,22,Clothing,4,50,200,
966,"Monday, February 20, 2023",CUST966,Male,60,Electronics,2,500,1000,
967,"Monday, April 17, 2023",CUST967,Male,62,Beauty,1,25,25,
968,"Friday, November 17, 2023",CUST968,Female,48,Clothing,3,300,900,
969,"Wednesday, April 19, 2023",CUST969,Female,40,Clothing,3,300,900,
970,"Tuesday, May 16, 2023",CUST970,Male,59,Electronics,4,500,2000,
971,"Tuesday, December 5, 2023",CUST971,Female,27,Electronics,4,50,200,
972,"Saturday, February 11, 2023",CUST972,Male,49,Beauty,4,25,100,
973,"Wednesday, March 22, 2023",CUST973,Male,60,Clothing,1,50,50,
974,"Wednesday, May 3, 2023",CUST974,Male,47,Beauty,1,30,30,
975,"Thursday, March 30, 2023",CUST975,Female,56,Clothing,4,50,200,
976,"Tuesday, October 10, 2023",CUST976,Female,48,Beauty,2,300,600,
977,"Wednesday, February 8, 2023",CUST977,Female,35,Electronics,3,25,75,
978,"Wednesday, March 22, 2023",CUST978,Female,53,Clothing,3,50,150,
979,"Monday, January 2, 2023",CUST979,Female,19,Beauty,1,25,25,
980,"Saturday, July 29, 2023",CUST980,Female,31,Electronics,3,25,75,
981,"Saturday, August 19, 2023",CUST981,Female,30,Electronics,2,30,60,
982,"Tuesday, December 19, 2023",CUST982,Female,46,Beauty,3,30,90,
983,"Wednesday, November 1, 2023",CUST983,Female,29,Clothing,1,300,300,
984,"Tuesday, August 29, 2023",CUST984,Male,56,Clothing,1,500,500,
985,"Tuesday, May 30, 2023",CUST985,Female,19,Electronics,2,25,50,
986,"Tuesday, January 17, 2023",CUST986,Female,49,Clothing,2,500,1000,
987,"Saturday, April 29, 2023",CUST987,Female,30,Clothing,3,300,900,
988,"Sunday, May 28, 2023",CUST988,Female,63,Clothing,3,25,75,
989,"Thursday, December 28, 2023",CUST989,Female,44,Electronics,1,25,25,
990,"Thursday, May 25, 2023",CUST990,Female,58,Beauty,2,500,1000,
991,"Tuesday, December 26, 2023",CUST991,Female,34,Clothing,2,50,100,
992,"Monday, August 21, 2023",CUST992,Female,57,Electronics,2,30,60,
993,"Monday, February 6, 2023",CUST993,Female,48,Electronics,3,50,150,
994,"Monday, December 18, 2023",CUST994,Female,51,Beauty,2,500,1000,
995,"Sunday, April 30, 2023",CUST995,Female,41,Clothing,1,30,30,
996,"Tuesday, May 16, 2023",CUST996,Male,62,Clothing,1,50,50,
997,"Friday, November 17, 2023",CUST997,Male,52,Beauty,3,30,90,
998,"Sunday, October 29, 2023",CUST998,Female,23,Beauty,4,25,100,
999,"Tuesday, December 5, 2023",CUST999,Female,36,Electronics,3,50,150,
1000,"Wednesday, April 12, 2023",CUST1000,Male,47,Electronics,4,30,120,
